train/img/comb_capt_002.jpg,train/depth/comb_capt_002.npy,train/disp/comb_capt_002.npy,train/fb/comb_capt_002.npy
train/img/comb_capt_003.jpg,train/depth/comb_capt_003.npy,train/disp/comb_capt_003.npy,train/fb/comb_capt_003.npy
train/img/comb_capt_005.jpg,train/depth/comb_capt_005.npy,train/disp/comb_capt_005.npy,train/fb/comb_capt_005.npy
train/img/comb_capt_006.jpg,train/depth/comb_capt_006.npy,train/disp/comb_capt_006.npy,train/fb/comb_capt_006.npy
train/img/comb_capt_007.jpg,train/depth/comb_capt_007.npy,train/disp/comb_capt_007.npy,train/fb/comb_capt_007.npy
train/img/comb_capt_008.jpg,train/depth/comb_capt_008.npy,train/disp/comb_capt_008.npy,train/fb/comb_capt_008.npy
train/img/comb_capt_009.jpg,train/depth/comb_capt_009.npy,train/disp/comb_capt_009.npy,train/fb/comb_capt_009.npy
train/img/comb_capt_010.jpg,train/depth/comb_capt_010.npy,train/disp/comb_capt_010.npy,train/fb/comb_capt_010.npy
train/img/comb_capt_012.jpg,train/depth/comb_capt_012.npy,train/disp/comb_capt_012.npy,train/fb/comb_capt_012.npy
train/img/comb_capt_013.jpg,train/depth/comb_capt_013.npy,train/disp/comb_capt_013.npy,train/fb/comb_capt_013.npy
train/img/comb_capt_014.jpg,train/depth/comb_capt_014.npy,train/disp/comb_capt_014.npy,train/fb/comb_capt_014.npy
train/img/comb_capt_015.jpg,train/depth/comb_capt_015.npy,train/disp/comb_capt_015.npy,train/fb/comb_capt_015.npy
train/img/comb_capt_018.jpg,train/depth/comb_capt_018.npy,train/disp/comb_capt_018.npy,train/fb/comb_capt_018.npy
train/img/comb_capt_020.jpg,train/depth/comb_capt_020.npy,train/disp/comb_capt_020.npy,train/fb/comb_capt_020.npy
train/img/comb_capt_021.jpg,train/depth/comb_capt_021.npy,train/disp/comb_capt_021.npy,train/fb/comb_capt_021.npy
train/img/comb_capt_022.jpg,train/depth/comb_capt_022.npy,train/disp/comb_capt_022.npy,train/fb/comb_capt_022.npy
train/img/comb_capt_023.jpg,train/depth/comb_capt_023.npy,train/disp/comb_capt_023.npy,train/fb/comb_capt_023.npy
train/img/comb_capt_027.jpg,train/depth/comb_capt_027.npy,train/disp/comb_capt_027.npy,train/fb/comb_capt_027.npy
train/img/comb_capt_028.jpg,train/depth/comb_capt_028.npy,train/disp/comb_capt_028.npy,train/fb/comb_capt_028.npy
train/img/comb_capt_029.jpg,train/depth/comb_capt_029.npy,train/disp/comb_capt_029.npy,train/fb/comb_capt_029.npy
train/img/comb_capt_030.jpg,train/depth/comb_capt_030.npy,train/disp/comb_capt_030.npy,train/fb/comb_capt_030.npy
train/img/comb_capt_031.jpg,train/depth/comb_capt_031.npy,train/disp/comb_capt_031.npy,train/fb/comb_capt_031.npy
train/img/comb_capt_032.jpg,train/depth/comb_capt_032.npy,train/disp/comb_capt_032.npy,train/fb/comb_capt_032.npy
train/img/comb_capt_033.jpg,train/depth/comb_capt_033.npy,train/disp/comb_capt_033.npy,train/fb/comb_capt_033.npy
train/img/comb_capt_034.jpg,train/depth/comb_capt_034.npy,train/disp/comb_capt_034.npy,train/fb/comb_capt_034.npy
train/img/comb_capt_035.jpg,train/depth/comb_capt_035.npy,train/disp/comb_capt_035.npy,train/fb/comb_capt_035.npy
train/img/comb_capt_039.jpg,train/depth/comb_capt_039.npy,train/disp/comb_capt_039.npy,train/fb/comb_capt_039.npy
train/img/comb_capt_040.jpg,train/depth/comb_capt_040.npy,train/disp/comb_capt_040.npy,train/fb/comb_capt_040.npy
train/img/comb_capt_041.jpg,train/depth/comb_capt_041.npy,train/disp/comb_capt_041.npy,train/fb/comb_capt_041.npy
train/img/comb_capt_042.jpg,train/depth/comb_capt_042.npy,train/disp/comb_capt_042.npy,train/fb/comb_capt_042.npy
train/img/comb_capt_043.jpg,train/depth/comb_capt_043.npy,train/disp/comb_capt_043.npy,train/fb/comb_capt_043.npy
train/img/comb_capt_044.jpg,train/depth/comb_capt_044.npy,train/disp/comb_capt_044.npy,train/fb/comb_capt_044.npy
train/img/comb_capt_045.jpg,train/depth/comb_capt_045.npy,train/disp/comb_capt_045.npy,train/fb/comb_capt_045.npy
train/img/comb_capt_046.jpg,train/depth/comb_capt_046.npy,train/disp/comb_capt_046.npy,train/fb/comb_capt_046.npy
train/img/comb_capt_047.jpg,train/depth/comb_capt_047.npy,train/disp/comb_capt_047.npy,train/fb/comb_capt_047.npy
train/img/comb_capt_048.jpg,train/depth/comb_capt_048.npy,train/disp/comb_capt_048.npy,train/fb/comb_capt_048.npy
train/img/comb_capt_050.jpg,train/depth/comb_capt_050.npy,train/disp/comb_capt_050.npy,train/fb/comb_capt_050.npy
train/img/comb_capt_051.jpg,train/depth/comb_capt_051.npy,train/disp/comb_capt_051.npy,train/fb/comb_capt_051.npy
train/img/comb_capt_052.jpg,train/depth/comb_capt_052.npy,train/disp/comb_capt_052.npy,train/fb/comb_capt_052.npy
train/img/comb_capt_054.jpg,train/depth/comb_capt_054.npy,train/disp/comb_capt_054.npy,train/fb/comb_capt_054.npy
train/img/comb_capt_055.jpg,train/depth/comb_capt_055.npy,train/disp/comb_capt_055.npy,train/fb/comb_capt_055.npy
train/img/comb_capt_058.jpg,train/depth/comb_capt_058.npy,train/disp/comb_capt_058.npy,train/fb/comb_capt_058.npy
train/img/comb_capt_059.jpg,train/depth/comb_capt_059.npy,train/disp/comb_capt_059.npy,train/fb/comb_capt_059.npy
train/img/comb_capt_060.jpg,train/depth/comb_capt_060.npy,train/disp/comb_capt_060.npy,train/fb/comb_capt_060.npy
train/img/comb_capt_061.jpg,train/depth/comb_capt_061.npy,train/disp/comb_capt_061.npy,train/fb/comb_capt_061.npy
train/img/comb_capt_064.jpg,train/depth/comb_capt_064.npy,train/disp/comb_capt_064.npy,train/fb/comb_capt_064.npy
train/img/comb_capt_066.jpg,train/depth/comb_capt_066.npy,train/disp/comb_capt_066.npy,train/fb/comb_capt_066.npy
train/img/comb_capt_068.jpg,train/depth/comb_capt_068.npy,train/disp/comb_capt_068.npy,train/fb/comb_capt_068.npy
train/img/comb_capt_069.jpg,train/depth/comb_capt_069.npy,train/disp/comb_capt_069.npy,train/fb/comb_capt_069.npy
train/img/comb_capt_070.jpg,train/depth/comb_capt_070.npy,train/disp/comb_capt_070.npy,train/fb/comb_capt_070.npy
train/img/comb_capt_071.jpg,train/depth/comb_capt_071.npy,train/disp/comb_capt_071.npy,train/fb/comb_capt_071.npy
train/img/comb_capt_072.jpg,train/depth/comb_capt_072.npy,train/disp/comb_capt_072.npy,train/fb/comb_capt_072.npy
train/img/comb_capt_074.jpg,train/depth/comb_capt_074.npy,train/disp/comb_capt_074.npy,train/fb/comb_capt_074.npy
train/img/comb_capt_075.jpg,train/depth/comb_capt_075.npy,train/disp/comb_capt_075.npy,train/fb/comb_capt_075.npy
train/img/comb_capt_076.jpg,train/depth/comb_capt_076.npy,train/disp/comb_capt_076.npy,train/fb/comb_capt_076.npy
train/img/comb_capt_077.jpg,train/depth/comb_capt_077.npy,train/disp/comb_capt_077.npy,train/fb/comb_capt_077.npy
train/img/comb_capt_079.jpg,train/depth/comb_capt_079.npy,train/disp/comb_capt_079.npy,train/fb/comb_capt_079.npy
train/img/comb_capt_082.jpg,train/depth/comb_capt_082.npy,train/disp/comb_capt_082.npy,train/fb/comb_capt_082.npy
train/img/comb_capt_083.jpg,train/depth/comb_capt_083.npy,train/disp/comb_capt_083.npy,train/fb/comb_capt_083.npy
train/img/comb_capt_087.jpg,train/depth/comb_capt_087.npy,train/disp/comb_capt_087.npy,train/fb/comb_capt_087.npy
train/img/comb_capt_088.jpg,train/depth/comb_capt_088.npy,train/disp/comb_capt_088.npy,train/fb/comb_capt_088.npy
train/img/comb_capt_089.jpg,train/depth/comb_capt_089.npy,train/disp/comb_capt_089.npy,train/fb/comb_capt_089.npy
train/img/comb_capt_090.jpg,train/depth/comb_capt_090.npy,train/disp/comb_capt_090.npy,train/fb/comb_capt_090.npy
train/img/comb_capt_093.jpg,train/depth/comb_capt_093.npy,train/disp/comb_capt_093.npy,train/fb/comb_capt_093.npy
train/img/comb_capt_094.jpg,train/depth/comb_capt_094.npy,train/disp/comb_capt_094.npy,train/fb/comb_capt_094.npy
train/img/comb_capt_095.jpg,train/depth/comb_capt_095.npy,train/disp/comb_capt_095.npy,train/fb/comb_capt_095.npy
train/img/comb_capt_096.jpg,train/depth/comb_capt_096.npy,train/disp/comb_capt_096.npy,train/fb/comb_capt_096.npy
train/img/comb_capt_097.jpg,train/depth/comb_capt_097.npy,train/disp/comb_capt_097.npy,train/fb/comb_capt_097.npy
train/img/comb_capt_098.jpg,train/depth/comb_capt_098.npy,train/disp/comb_capt_098.npy,train/fb/comb_capt_098.npy
train/img/comb_capt_100.jpg,train/depth/comb_capt_100.npy,train/disp/comb_capt_100.npy,train/fb/comb_capt_100.npy
train/img/comb_capt_101.jpg,train/depth/comb_capt_101.npy,train/disp/comb_capt_101.npy,train/fb/comb_capt_101.npy
train/img/comb_capt_102.jpg,train/depth/comb_capt_102.npy,train/disp/comb_capt_102.npy,train/fb/comb_capt_102.npy
train/img/comb_capt_105.jpg,train/depth/comb_capt_105.npy,train/disp/comb_capt_105.npy,train/fb/comb_capt_105.npy
train/img/comb_capt_106.jpg,train/depth/comb_capt_106.npy,train/disp/comb_capt_106.npy,train/fb/comb_capt_106.npy
train/img/comb_capt_107.jpg,train/depth/comb_capt_107.npy,train/disp/comb_capt_107.npy,train/fb/comb_capt_107.npy
train/img/comb_capt_109.jpg,train/depth/comb_capt_109.npy,train/disp/comb_capt_109.npy,train/fb/comb_capt_109.npy
train/img/comb_capt_110.jpg,train/depth/comb_capt_110.npy,train/disp/comb_capt_110.npy,train/fb/comb_capt_110.npy
train/img/comb_capt_111.jpg,train/depth/comb_capt_111.npy,train/disp/comb_capt_111.npy,train/fb/comb_capt_111.npy
train/img/comb_capt_113.jpg,train/depth/comb_capt_113.npy,train/disp/comb_capt_113.npy,train/fb/comb_capt_113.npy
train/img/comb_capt_116.jpg,train/depth/comb_capt_116.npy,train/disp/comb_capt_116.npy,train/fb/comb_capt_116.npy
train/img/comb_capt_117.jpg,train/depth/comb_capt_117.npy,train/disp/comb_capt_117.npy,train/fb/comb_capt_117.npy
train/img/comb_capt_118.jpg,train/depth/comb_capt_118.npy,train/disp/comb_capt_118.npy,train/fb/comb_capt_118.npy
train/img/comb_capt_119.jpg,train/depth/comb_capt_119.npy,train/disp/comb_capt_119.npy,train/fb/comb_capt_119.npy
train/img/comb_capt_120.jpg,train/depth/comb_capt_120.npy,train/disp/comb_capt_120.npy,train/fb/comb_capt_120.npy
train/img/comb_capt_122.jpg,train/depth/comb_capt_122.npy,train/disp/comb_capt_122.npy,train/fb/comb_capt_122.npy
train/img/comb_capt_124.jpg,train/depth/comb_capt_124.npy,train/disp/comb_capt_124.npy,train/fb/comb_capt_124.npy
train/img/comb_capt_126.jpg,train/depth/comb_capt_126.npy,train/disp/comb_capt_126.npy,train/fb/comb_capt_126.npy
train/img/comb_capt_128.jpg,train/depth/comb_capt_128.npy,train/disp/comb_capt_128.npy,train/fb/comb_capt_128.npy
train/img/comb_capt_129.jpg,train/depth/comb_capt_129.npy,train/disp/comb_capt_129.npy,train/fb/comb_capt_129.npy
train/img/comb_capt_132.jpg,train/depth/comb_capt_132.npy,train/disp/comb_capt_132.npy,train/fb/comb_capt_132.npy
train/img/comb_capt_133.jpg,train/depth/comb_capt_133.npy,train/disp/comb_capt_133.npy,train/fb/comb_capt_133.npy
train/img/comb_capt_135.jpg,train/depth/comb_capt_135.npy,train/disp/comb_capt_135.npy,train/fb/comb_capt_135.npy
train/img/comb_capt_136.jpg,train/depth/comb_capt_136.npy,train/disp/comb_capt_136.npy,train/fb/comb_capt_136.npy
train/img/comb_capt_138.jpg,train/depth/comb_capt_138.npy,train/disp/comb_capt_138.npy,train/fb/comb_capt_138.npy
train/img/comb_capt_139.jpg,train/depth/comb_capt_139.npy,train/disp/comb_capt_139.npy,train/fb/comb_capt_139.npy
train/img/comb_capt_143.jpg,train/depth/comb_capt_143.npy,train/disp/comb_capt_143.npy,train/fb/comb_capt_143.npy
train/img/comb_capt_145.jpg,train/depth/comb_capt_145.npy,train/disp/comb_capt_145.npy,train/fb/comb_capt_145.npy
train/img/comb_capt_147.jpg,train/depth/comb_capt_147.npy,train/disp/comb_capt_147.npy,train/fb/comb_capt_147.npy
train/img/comb_capt_151.jpg,train/depth/comb_capt_151.npy,train/disp/comb_capt_151.npy,train/fb/comb_capt_151.npy
train/img/comb_capt_152.jpg,train/depth/comb_capt_152.npy,train/disp/comb_capt_152.npy,train/fb/comb_capt_152.npy
train/img/comb_capt_154.jpg,train/depth/comb_capt_154.npy,train/disp/comb_capt_154.npy,train/fb/comb_capt_154.npy
train/img/comb_capt_155.jpg,train/depth/comb_capt_155.npy,train/disp/comb_capt_155.npy,train/fb/comb_capt_155.npy
train/img/comb_capt_156.jpg,train/depth/comb_capt_156.npy,train/disp/comb_capt_156.npy,train/fb/comb_capt_156.npy
train/img/comb_capt_157.jpg,train/depth/comb_capt_157.npy,train/disp/comb_capt_157.npy,train/fb/comb_capt_157.npy
train/img/comb_capt_159.jpg,train/depth/comb_capt_159.npy,train/disp/comb_capt_159.npy,train/fb/comb_capt_159.npy
train/img/comb_capt_161.jpg,train/depth/comb_capt_161.npy,train/disp/comb_capt_161.npy,train/fb/comb_capt_161.npy
train/img/comb_capt_163.jpg,train/depth/comb_capt_163.npy,train/disp/comb_capt_163.npy,train/fb/comb_capt_163.npy
train/img/comb_capt_164.jpg,train/depth/comb_capt_164.npy,train/disp/comb_capt_164.npy,train/fb/comb_capt_164.npy
train/img/comb_capt_165.jpg,train/depth/comb_capt_165.npy,train/disp/comb_capt_165.npy,train/fb/comb_capt_165.npy
train/img/comb_capt_166.jpg,train/depth/comb_capt_166.npy,train/disp/comb_capt_166.npy,train/fb/comb_capt_166.npy
train/img/comb_capt_168.jpg,train/depth/comb_capt_168.npy,train/disp/comb_capt_168.npy,train/fb/comb_capt_168.npy
train/img/comb_capt_169.jpg,train/depth/comb_capt_169.npy,train/disp/comb_capt_169.npy,train/fb/comb_capt_169.npy
train/img/comb_capt_170.jpg,train/depth/comb_capt_170.npy,train/disp/comb_capt_170.npy,train/fb/comb_capt_170.npy
train/img/comb_capt_171.jpg,train/depth/comb_capt_171.npy,train/disp/comb_capt_171.npy,train/fb/comb_capt_171.npy
train/img/comb_capt_172.jpg,train/depth/comb_capt_172.npy,train/disp/comb_capt_172.npy,train/fb/comb_capt_172.npy
train/img/comb_capt_173.jpg,train/depth/comb_capt_173.npy,train/disp/comb_capt_173.npy,train/fb/comb_capt_173.npy
train/img/comb_capt_174.jpg,train/depth/comb_capt_174.npy,train/disp/comb_capt_174.npy,train/fb/comb_capt_174.npy
train/img/comb_capt_175.jpg,train/depth/comb_capt_175.npy,train/disp/comb_capt_175.npy,train/fb/comb_capt_175.npy
train/img/comb_capt_176.jpg,train/depth/comb_capt_176.npy,train/disp/comb_capt_176.npy,train/fb/comb_capt_176.npy
train/img/comb_capt_177.jpg,train/depth/comb_capt_177.npy,train/disp/comb_capt_177.npy,train/fb/comb_capt_177.npy
train/img/comb_capt_179.jpg,train/depth/comb_capt_179.npy,train/disp/comb_capt_179.npy,train/fb/comb_capt_179.npy
train/img/comb_capt_180.jpg,train/depth/comb_capt_180.npy,train/disp/comb_capt_180.npy,train/fb/comb_capt_180.npy
train/img/comb_capt_182.jpg,train/depth/comb_capt_182.npy,train/disp/comb_capt_182.npy,train/fb/comb_capt_182.npy
train/img/comb_capt_183.jpg,train/depth/comb_capt_183.npy,train/disp/comb_capt_183.npy,train/fb/comb_capt_183.npy
train/img/comb_capt_184.jpg,train/depth/comb_capt_184.npy,train/disp/comb_capt_184.npy,train/fb/comb_capt_184.npy
train/img/comb_capt_185.jpg,train/depth/comb_capt_185.npy,train/disp/comb_capt_185.npy,train/fb/comb_capt_185.npy
train/img/comb_capt_186.jpg,train/depth/comb_capt_186.npy,train/disp/comb_capt_186.npy,train/fb/comb_capt_186.npy
train/img/comb_capt_187.jpg,train/depth/comb_capt_187.npy,train/disp/comb_capt_187.npy,train/fb/comb_capt_187.npy
train/img/comb_capt_189.jpg,train/depth/comb_capt_189.npy,train/disp/comb_capt_189.npy,train/fb/comb_capt_189.npy
train/img/comb_capt_190.jpg,train/depth/comb_capt_190.npy,train/disp/comb_capt_190.npy,train/fb/comb_capt_190.npy
train/img/comb_capt_191.jpg,train/depth/comb_capt_191.npy,train/disp/comb_capt_191.npy,train/fb/comb_capt_191.npy
train/img/comb_capt_192.jpg,train/depth/comb_capt_192.npy,train/disp/comb_capt_192.npy,train/fb/comb_capt_192.npy
train/img/comb_capt_194.jpg,train/depth/comb_capt_194.npy,train/disp/comb_capt_194.npy,train/fb/comb_capt_194.npy
train/img/comb_capt_195.jpg,train/depth/comb_capt_195.npy,train/disp/comb_capt_195.npy,train/fb/comb_capt_195.npy
train/img/comb_capt_196.jpg,train/depth/comb_capt_196.npy,train/disp/comb_capt_196.npy,train/fb/comb_capt_196.npy
train/img/comb_capt_197.jpg,train/depth/comb_capt_197.npy,train/disp/comb_capt_197.npy,train/fb/comb_capt_197.npy
train/img/comb_capt_199.jpg,train/depth/comb_capt_199.npy,train/disp/comb_capt_199.npy,train/fb/comb_capt_199.npy
train/img/comb_capt_200.jpg,train/depth/comb_capt_200.npy,train/disp/comb_capt_200.npy,train/fb/comb_capt_200.npy
train/img/comb_capt_202.jpg,train/depth/comb_capt_202.npy,train/disp/comb_capt_202.npy,train/fb/comb_capt_202.npy
